country,latitude,longitude,name
AD,42.54625,1.60155,Andorraaaaa
AE,23.42408,53.84782,United Arab Emirates
AF,33.93911,67.70995,Afghanistan
AG,17.06082,-61.79643,Antigua and Barbuda
AI,18.22055,-63.06862,Anguilla
AL,41.15333,20.16833,Albania
AM,40.0691,45.03819,Armenia
AN,12.22608,-69.06009,Netherlands Antilles
AO,-11.20269,17.87389,Angola
AQ,-75.25097,-0.07139,Antarctica
AR,-38.4161,-63.61667,Argentina
AS,-14.27097,-170.13222,American Samoa
AT,47.51623,14.55007,Austria
AU,-25.2744,133.77514,Australia
AW,12.52111,-69.96834,Aruba
AZ,40.14311,47.57693,Azerbaijan
BA,43.91589,17.67908,Bosnia and Herzegovina
BB,13.19389,-59.5432,Barbados
BD,23.68499,90.35633,Bangladesh
BE,50.50389,4.46994,Belgium
BF,12.23833,-1.56159,Burkina Faso
BG,42.73388,25.48583,Bulgaria
BH,25.93041,50.63777,Bahrain
BI,-3.37306,29.91889,Burundi
BJ,9.30769,2.31583,Benin
BM,32.32138,-64.75737,Bermuda
BN,4.53528,114.72767,Brunei
BO,-16.29015,-63.58865,Bolivia
BR,-14.235,-51.92528,Brazil
BS,25.03428,-77.39628,Bahamas
BT,27.51416,90.4336,Bhutan
BV,-54.4232,3.41319,Bouvet Island
BW,-22.32847,24.68487,Botswana
BY,53.70981,27.95339,Belarus
BZ,17.18988,-88.49765,Belize
CA,56.13037,-106.34677,Canada
CC,-12.16417,96.87096,Cocos [Keeling] Islands
CD,-4.03833,21.75866,Congo [DRC]
CF,6.61111,20.93944,Central African Republic
CG,-0.22802,15.82766,Congo [Republic]
CH,46.81819,8.22751,Switzerland
CI,7.53999,-5.54708,C�te d'Ivoire
CK,-21.23674,-159.77767,Cook Islands
CL,-35.67515,-71.54297,Chile
CM,7.36972,12.35472,Cameroon
CN,35.86166,104.1954,China
CO,4.57087,-74.29733,Colombia
CR,9.74892,-83.75343,Costa Rica
CU,21.52176,-77.78117,Cuba
CV,16.00208,-24.0132,Cape Verde
CX,-10.44753,105.69045,Christmas Island
CY,35.12641,33.42986,Cyprus
CZ,49.81749,15.47296,Czech Republic
DE,51.16569,10.45153,Germany
DJ,11.82514,42.59028,Djibouti
DK,56.26392,9.50179,Denmark
DM,15.415,-61.37098,Dominica
DO,18.73569,-70.16265,Dominican Republic
DZ,28.03389,1.65963,Algeria
EC,-1.83124,-78.18341,Ecuador
EE,58.59527,25.01361,Estonia
EG,26.82055,30.8025,Egypt
EH,24.21553,-12.88583,Western Sahara
ER,15.17938,39.78233,Eritrea
ES,40.46367,-3.74922,Spain
ET,9.145,40.48967,Ethiopia
FI,61.92411,25.74815,Finland
FJ,-16.57819,179.41441,Fiji
FK,-51.79625,-59.52361,Falkland Islands [Islas Malvinas]
FM,7.42555,150.55081,Micronesia
FO,61.89264,-6.91181,Faroe Islands
FR,46.22764,2.21375,France
GA,-0.80369,11.60944,Gabon
GB,55.37805,-3.43597,United Kingdom
GD,12.26278,-61.60417,Grenada
GE,42.31541,43.35689,Georgia
GF,3.93389,-53.12578,French Guiana
GG,49.46569,-2.58528,Guernsey
GH,7.94653,-1.02319,Ghana
GI,36.13774,-5.34537,Gibraltar
GL,71.70694,-42.6043,Greenland
GM,13.44318,-15.31014,Gambia
GN,9.94559,-9.69665,Guinea
GP,16.99597,-62.06764,Guadeloupe
GQ,1.6508,10.2679,Equatorial Guinea
GR,39.07421,21.82431,Greece
GS,-54.42958,-36.58791,South Georgia and the South Sandwich Islands
GT,15.78347,-90.23076,Guatemala
GU,13.4443,144.79373,Guam
GW,11.80375,-15.18041,Guinea-Bissau
GY,4.86042,-58.93018,Guyana
GZ,31.35468,34.30883,Gaza Strip
HK,22.39643,114.1095,Hong Kong
HM,-53.08181,73.50416,Heard Island and McDonald Islands
HN,15.2,-86.24191,Honduras
HR,45.1,15.2,Croatia
HT,18.97119,-72.28522,Haiti
HU,47.16249,19.5033,Hungary
ID,-0.78928,113.92133,Indonesia
IE,53.41291,-8.24389,Ireland
IL,31.04605,34.85161,Israel
IM,54.23611,-4.54806,Isle of Man
IN,20.59368,78.96288,India
IO,-6.34319,71.87652,British Indian Ocean Territory
IQ,33.22319,43.67929,Iraq
IR,32.42791,53.68805,Iran
IS,64.96305,-19.02084,Iceland
IT,41.87194,12.56738,Italy
JE,49.21444,-2.13125,Jersey
JM,18.10958,-77.29751,Jamaica
JO,30.58516,36.23841,Jordan
JP,36.20482,138.25292,Japan
KE,-0.02356,37.90619,Kenya
KG,41.20438,74.7661,Kyrgyzstan
KH,12.56568,104.99096,Cambodia
KI,-3.37042,-168.73404,Kiribati
KM,-11.875,43.87222,Comoros
KN,17.35782,-62.783,Saint Kitts and Nevis
KP,40.33985,127.51009,North Korea
KR,35.90776,127.76692,South Korea
KW,29.31166,47.48177,Kuwait
KY,19.51347,-80.56696,Cayman Islands
KZ,48.01957,66.92368,Kazakhstan
LA,19.85627,102.4955,Laos
LB,33.85472,35.86229,Lebanon
LC,13.90944,-60.97889,Saint Lucia
LI,47.166,9.55537,Liechtenstein
LK,7.87305,80.7718,Sri Lanka
LR,6.42806,-9.4295,Liberia
LS,-29.60999,28.23361,Lesotho
LT,55.16944,23.88128,Lithuania
LU,49.81527,6.12958,Luxembourg
LV,56.87964,24.60319,Latvia
LY,26.3351,17.22833,Libya
MA,31.7917,-7.09262,Morocco
MC,43.7503,7.41284,Monaco
MD,47.41163,28.36989,Moldova
ME,42.70868,19.37439,Montenegro
MG,-18.76695,46.86911,Madagascar
MH,7.13147,171.18448,Marshall Islands
MK,41.60864,21.74528,Macedonia [FYROM]
ML,17.57069,-3.99617,Mali
MM,21.91397,95.95622,Myanmar [Burma]
MN,46.8625,103.84666,Mongolia
MO,22.19875,113.54387,Macau
MP,17.33083,145.38469,Northern Mariana Islands
MQ,14.64153,-61.02417,Martinique
MR,21.00789,-10.94084,Mauritania
MS,16.7425,-62.18737,Montserrat
MT,35.9375,14.37542,Malta
MU,-20.3484,57.55215,Mauritius
MV,3.20278,73.22068,Maldives
MW,-13.25431,34.30153,Malawi
MX,23.6345,-102.55278,Mexico
MY,4.21048,101.97577,Malaysia
MZ,-18.6657,35.52956,Mozambique
NA,-22.95764,18.49041,Namibia
NC,-20.90431,165.61804,New Caledonia
NE,17.60779,8.08167,Niger
NF,-29.04084,167.95471,Norfolk Island
NG,9.082,8.67528,Nigeria
NI,12.86542,-85.20723,Nicaragua
NL,52.13263,5.29127,Netherlands
NO,60.47202,8.46895,Norway
NP,28.39486,84.12401,Nepal
NR,-0.52278,166.9315,Nauru
NU,-19.05445,-169.86723,Niue
NZ,-40.90056,174.88597,New Zealand
OM,21.51258,55.92326,Oman
PA,8.53798,-80.78213,Panama
PE,-9.18997,-75.01515,Peru
PF,-17.67974,-149.40684,French Polynesia
PG,-6.31499,143.95555,Papua New Guinea
PH,12.87972,121.77402,Philippines
PK,30.37532,69.34512,Pakistan
PL,51.91944,19.14514,Poland
PM,46.94194,-56.27111,Saint Pierre and Miquelon
PN,-24.70362,-127.43931,Pitcairn Islands
PR,18.22083,-66.59015,Puerto Rico
PS,31.95216,35.23315,Palestinian Territories
PT,39.39987,-8.22445,Portugal
PW,7.51498,134.58252,Palau
PY,-23.4425,-58.44383,Paraguay
QA,25.35483,51.18388,Qatar
RE,-21.11514,55.53638,R�union
RO,45.94316,24.96676,Romania
RS,44.01652,21.00586,Serbia
RU,61.52401,105.31876,Russia
RW,-1.94028,29.87389,Rwanda
SA,23.88594,45.07916,Saudi Arabia
SB,-9.64571,160.15619,Solomon Islands
SC,-4.67957,55.49198,Seychelles
SD,12.86281,30.21764,Sudan
SE,60.12816,18.6435,Sweden
SG,1.35208,103.81984,Singapore
SH,-24.14347,-10.0307,Saint Helena
SI,46.15124,14.99546,Slovenia
SJ,77.5536,23.67027,Svalbard and Jan Mayen
SK,48.66903,19.69902,Slovakia
SL,8.46056,-11.77989,Sierra Leone
SM,43.94236,12.45778,San Marino
SN,14.4974,-14.45236,Senegal
SO,5.15215,46.19962,Somalia
SR,3.91931,-56.02778,Suriname
ST,0.18636,6.61308,S�o Tom� and Pr�ncipe
SV,13.79419,-88.89653,El Salvador
SY,34.80208,38.99682,Syria
SZ,-26.5225,31.46587,Swaziland
TC,21.69403,-71.79793,Turks and Caicos Islands
TD,15.45417,18.73221,Chad
TF,-49.28037,69.34856,French Southern Territories
TG,8.61954,0.82478,Togo
TH,15.87003,100.99254,Thailand
TJ,38.86103,71.27609,Tajikistan
TK,-8.96736,-171.85588,Tokelau
TL,-8.87422,125.72754,Timor-Leste
TM,38.96972,59.55628,Turkmenistan
TN,33.88692,9.5375,Tunisia
TO,-21.17899,-175.19824,Tonga
TR,38.96375,35.24332,Turkey
TT,10.6918,-61.2225,Trinidad and Tobago
TV,-7.10954,177.64933,Tuvalu
TW,23.69781,120.96052,Taiwan
TZ,-6.36903,34.88882,Tanzania
UA,48.37943,31.16558,Ukraine
UG,1.37333,32.29028,Uganda
UM,,,U.S. Minor Outlying Islands
US,37.09024,-95.71289,United States
UY,-32.52278,-55.76584,Uruguay
UZ,41.37749,64.58526,Uzbekistan
VA,41.90292,12.45339,Vatican City
VC,12.98431,-61.28723,Saint Vincent and the Grenadines
VE,6.42375,-66.58973,Venezuela
VG,18.4207,-64.63997,British Virgin Islands
VI,18.33577,-64.89634,U.S. Virgin Islands
VN,14.05832,108.2772,Vietnam
VU,-15.37671,166.95916,Vanuatu
WF,-13.76875,-177.1561,Wallis and Futuna
WS,-13.75903,-172.10463,Samoa
XK,42.60264,20.90298,Kosovo
YE,15.55273,48.51639,Yemen
YT,-12.8275,45.16624,Mayotte
ZA,-30.55948,22.93751,South Africa
ZM,-13.1339,27.84933,Zambia
ZW,-19.01544,29.15486,Zimbabwe